<?xml version="1.0" encoding="UTF-8"?><xml><records><record><database name="Literatur (.enl" path="Literatur (.enl">Literatur (.enl</database><ref-type name="Journal Article">0</ref-type><contributors><authors><author>Chatzipetrou, Panagiota</author><author>Alégroth, Emil</author><author>Papatheocharous, Efi</author><author>Borg, Markus</author><author>Gorschek, Tony</author><author>Wnuk, Krzysztof</author></authors></contributors><titles><title>Component selection in Software Engineering - Which attributes are the most important in the decision process ?</title></titles><periodical/><keywords><keyword>component-based software engineering</keyword><keyword>compositional data analysis</keyword><keyword>cumulative voting</keyword><keyword>decision</keyword><keyword>making</keyword></keywords><dates><year>2018</year></dates><isbn>9781538673836</isbn><electronic-resource-num>10.1109/SEAA.2018.00039</electronic-resource-num><urls><pdf-urls><url>internal-pdf://2018_SEAA_Chatzipetrou_Decisions.pdf</url></pdf-urls></urls></record><record><database name="Literatur (.enl" path="Literatur (.enl">Literatur (.enl</database><ref-type name="Journal Article">0</ref-type><contributors><authors><author>Miller, Cody</author></authors></contributors><titles><title>Outsourcing Strategies in Software Engineering</title></titles><periodical/><keywords/><dates><year>2018</year></dates><urls><pdf-urls><url>internal-pdf://Outsourcing Strategies in Software Engineering.pdf</url></pdf-urls></urls></record><record><database name="Literatur (.enl" path="Literatur (.enl">Literatur (.enl</database><ref-type name="Journal Article">0</ref-type><contributors><authors><author>Shahzad, Basit</author><author>Abdullatif, Abdullatif M.</author><author>Ikram, Naveed</author><author>Mashkoor, Atif</author></authors></contributors><titles><title>Build Software or Buy: A Study on Developing Large Scale Software</title><secondary-title>IEEE Access</secondary-title></titles><periodical><full-title>IEEE Access</full-title></periodical><pages>24262-24274</pages><volume>5</volume><keywords><keyword>Software make vs buy decision</keyword><keyword>domestic outsourcing</keyword><keyword>software outsourcing</keyword></keywords><dates><year>2017</year></dates><electronic-resource-num>10.1109/ACCESS.2017.2762729</electronic-resource-num><urls><pdf-urls><url>internal-pdf://Build Software or Buy A study of Developing Large Scale Software.pdf</url></pdf-urls></urls><abstract>Software development is a set of activities which time, budget, and effort of the human resource. Over the years, the software development process has matured to enable the adaptation and integration of commercially available components. The availability of commercially-off-the-shelf and modifiable-off-the-shelf components has transferred the complexity from development and design phases to the integration phase and we can observe large- application development by integrating the available components. Often, due to the limitation of technological and other resources, developing a software application in-house may be less beneficial. In such circumstances, development firms opt to either buy software or outsource the development. In this paper, we identify the factors that govern the decision of making software applications in-house, outsourcing them, or buying them from the market. Since the concept of component integration is more common in large scale applications, in this paper we consider this case.</abstract></record><record><database name="Literatur (.enl" path="Literatur (.enl">Literatur (.enl</database><ref-type name="Journal Article">0</ref-type><contributors><authors><author>Fuchs, Marek</author><author>Couper, Mick P</author><author>Hansen, Sue Ellen</author></authors></contributors><titles><title>Technology Effects : Interview Duration in CAPI and Paper and Pencil Surveys</title></titles><periodical/><keywords/><dates><year>2000</year></dates><urls><pdf-urls><url>internal-pdf://Marek Fuchs_Mick P. Couper_Sue Ellen Hansen_Technology Effects-Interview Duration in CAPI and Paper and Pencil Surveys.pdf</url></pdf-urls></urls></record><record><database name="Literatur (.enl" path="Literatur (.enl">Literatur (.enl</database><ref-type name="Book">1</ref-type><contributors><authors><author>Plan, H O W T O</author></authors></contributors><titles><title>Questionnaire design: how to plan, structure and write survey material for effective market research</title><secondary-title>Choice Reviews Online</secondary-title></titles><periodical><full-title>Choice Reviews Online</full-title></periodical><pages>42-3520-42-3520</pages><volume>42</volume><issue>06</issue><keywords/><dates><year>2005</year></dates><isbn>074944181X</isbn><accession-num>15216241</accession-num><electronic-resource-num>10.5860/CHOICE.42-3520</electronic-resource-num><urls><pdf-urls><url>internal-pdf://Questionnaire-Design-How-to-Plan-Structure-Write.pdf</url></pdf-urls><web-urls><url>http://choicereviews.org/review/10.5860/CHOICE.42-3520</url></web-urls></urls><abstract>This is a highly specialized guidebook for market researchers. Author Ian Brace goes into great detail about designing questionnaires, a process which may seem simple, but is not. Brace thoughtfully considers the variables that can arise in all aspects of planning, structuring, writing and asking survey questions, including how to avoid ambiguity and how the actual questionnaire should look. He hews tightly to the task of getting researchers to formulate the best survey tools possible, even recommending the best type sizes and layouts. This book is only for serious market researchers, who will welcome its enclosed compact disc containing sample questionnaires and designs. In a day when many researchers use time-tested canned questions, this is a craftsman's handbook on the inside art of drafting a questionnaire. We recommend using this authoritative manual to develop your market research questionnaires. And, if you hire someone to design a questionnaire for you, this will give you some background so you can monitor the content intelligently. In questionnaire design - and supervision - apparently the really dumb question is the one you didn't ask. Book Description: A guide that focuses on core skills Written by one of the most experienced market researchers in the field of questionnaire design Includes a free CD-ROM containing questionnaire-writing software Questionnaires are a vital tool for the market researcher: they draw accurate information from respondents, give structure to interviews, facilitate data processing and provide a standard form on which facts, comments and attitudes can be recorded. &quot;Questionnaire Design&quot; explains the role of questionnaires in market research, and looks at different types of questions and questionnaires and when and how they should be used. The book also explains how to plan, structure and write the right questionnaire for the research you are running. Contents are as follows: Objectives in writing questionnaires Differences between data collection media Planning your questionnaire Writing the questions types of questions Using prompt material Laying it out Piloting Ethical issues Social desirability bias and how to avoid it Issues in multi-national surveys</abstract></record><record><database name="Literatur (.enl" path="Literatur (.enl">Literatur (.enl</database><ref-type name="Book">1</ref-type><contributors><authors><author>Piller, Ernst</author></authors></contributors><titles><title>Beschaffung unter Berücksichtigung der IT-Sicherheit</title></titles><periodical/><keywords/><dates><year>2017</year></dates><isbn>978-3-658-18598-5</isbn><accession-num>18827191</accession-num><electronic-resource-num>10.1007/978-3-658-18599-2</electronic-resource-num><urls><pdf-urls><url>internal-pdf://2017_Book_BeschaffungUnterBerücksichtigu.pdf</url></pdf-urls><web-urls><url>http://sfx.ethz.ch/sfx_locater?sid=ALEPH:EBI01&amp;genre=book&amp;isbn=9783658185992</url><url>http://link.springer.com/10.1007/978-3-658-18599-2</url></web-urls></urls><abstract>The United Kingdom introduced meningococcal serogroup C conjugate (MCC) vaccines in 1999, resulting in substantial declines in serogroup C disease and carriage. Here, we measured the age-specific prevalence of serum bactericidal antibodies (SBA) to Neisseria meningitidis serogroup C and immunoglobulin G (IgG) concentrations to serogroups A, C, W-135, and Y in 2,673 serum samples collected in England between 2000 and 2004. We compared the seroprevalence of SBA titers of &gt; or =8 in the postvaccination era with results from an earlier prevaccination study conducted using the same methods. We found that the percentages of individuals with protective SBA titers were higher in 2000 to 2004 in all of the age groups targeted for MCC vaccination. In the postvaccine era, the prevalence of protective titers was high (75%) in children who had recently been offered routine immunization, but this fell to 36% more than 18 months after scheduled immunization. In the cohorts targeted in the catch-up campaign, the percentage achieving SBA titers of &gt; or =8 was higher in children offered the vaccine at ages 5 to 17 years than in children offered the vaccine at ages 1 to 4 years. The geometric mean concentration (GMC) IgG for serogroup C followed a similar pattern, corresponding to the age at and time since scheduled MCC vaccination. Serogroup-specific IgG GMCs for W-135 and Y were low and showed little variation by age. Serogroup A IgG GMCs were higher, possibly reflecting exposure to cross-reacting antigens. Although the incidence of serogroup C disease remains low due to persisting herd effects, population antibody levels to serogroup C meningococci should be monitored so that potentially susceptible age groups can be identified should herd immunity wane.</abstract></record><record><database name="Literatur (.enl" path="Literatur (.enl">Literatur (.enl</database><ref-type name="Journal Article">0</ref-type><contributors><authors><author>Lietz, P.</author></authors></contributors><titles><title>Research into questionaire design</title><secondary-title>International Journal of Market Research</secondary-title></titles><periodical><full-title>International Journal of Market Research</full-title></periodical><volume>52</volume><issue>2</issue><keywords/><dates><year>2010</year></dates><urls><pdf-urls><url>internal-pdf://Researchintoquestionairedesign.pdf</url></pdf-urls></urls></record><record><database name="Literatur (.enl" path="Literatur (.enl">Literatur (.enl</database><ref-type name="Journal Article">0</ref-type><contributors><authors><author>Williams, A</author></authors></contributors><titles><title>How to⋯ write and analyse a questionnaire</title><secondary-title>Journal of Orthodontics</secondary-title></titles><periodical><full-title>Journal of Orthodontics</full-title></periodical><pages>245-252</pages><volume>30</volume><issue>3</issue><keywords><keyword>Questionnaire</keyword><keyword>Response rates</keyword><keyword>Study design</keyword></keywords><dates><year>2003</year></dates><isbn>1465-3125 (Print)\r1465-3125 (Linking)</isbn><accession-num>14530423</accession-num><electronic-resource-num>10.1093/ortho/30.3.245</electronic-resource-num><urls><pdf-urls><url>internal-pdf://How to Write and analyse a questionnaire.pdf</url></pdf-urls></urls><abstract>Questionnaires are used in a wide range of settings to gather information about the opinions and behaviour of individuals. As with any other branch of science, the validity and reliability of the measurement tool, i.e. the questionnaire, needs to be rigorously tested to ensure that the data collected is meaningful. The design and method of administration of a questionnaire will also influence the response rate that is achieved and the quality of data that is collected. This paper discusses the issues that should be considered when designing and undertaking a questionnaire study.</abstract></record><record><database name="Literatur (.enl" path="Literatur (.enl">Literatur (.enl</database><ref-type name="Journal Article">0</ref-type><contributors><authors><author>Golensky, Martha</author><author>DeRuiter, Gerald L.</author></authors></contributors><titles><title>The urge to merge: A multiple-case study</title><secondary-title>Nonprofit Management and Leadership</secondary-title></titles><periodical><full-title>Nonprofit Management and Leadership</full-title></periodical><pages>169-186</pages><volume>13</volume><issue>2</issue><keywords><keyword>2007</keyword><keyword>280</keyword><keyword>287</keyword><keyword>4</keyword><keyword>empirische studie</keyword><keyword>forschungsmethoden</keyword><keyword>information systems</keyword><keyword>la</keyword><keyword>methodologie</keyword><keyword>ngsschnittanalyse</keyword><keyword>s</keyword><keyword>vergleich</keyword><keyword>wirtschaftsinformatik 49</keyword></keywords><dates><year>2007</year></dates><isbn>0937-6429</isbn><accession-num>23173365</accession-num><electronic-resource-num>10.1002/nml.13205</electronic-resource-num><urls><pdf-urls><url>internal-pdf://Wilde-Hess2007_Article_ForschungsmethodenDerWirtschaf.pdf</url></pdf-urls></urls><abstract>The german-speaking IS community sees itself as a methodological pluralist discipline. With respect to recent debates (e.g. on rigor versus relevance) an exact knowledge of its metho- dological profile becomes increasingly important. This contribution presents the findings of a content analysis of 300 articles published in the journal WIRTSCHAFTSINFORMATIK in the last ten years. As one result, the study identified six major methods of the german-speaking IS community: argumentative, conceptional and formal deductive research, prototyping, case studies and quantitative cross sectional studies. It could also be shown, that the metho- dological profile continually changed during the last ten years. The article also compares its findings with the current methodological profile of the anglo-american IS community based on a secondary data analysis. Keywords:</abstract></record><record><database name="Literatur (.enl" path="Literatur (.enl">Literatur (.enl</database><ref-type name="Book">1</ref-type><contributors><authors><author>Aichele, Christian</author><author>Schönberger, Marius</author></authors></contributors><titles><title>Der professionelle Einstieg in die erfolgreiche App-Entwicklung</title><secondary-title>App-Entwicklung – effizient und erfolgreich</secondary-title></titles><periodical><full-title>App-Entwicklung – effizient und erfolgreich</full-title></periodical><pages>47-76</pages><keywords/><dates><year>2016</year></dates><isbn>978-3-658-13684-0</isbn><electronic-resource-num>10.1007/978-3-658-13685-7_4</electronic-resource-num><urls><pdf-urls><url>internal-pdf://2016_Book_App-EntwicklungEffizientUndErf.pdf</url></pdf-urls><web-urls><url>http://link.springer.com/10.1007/978-3-658-13685-7_4</url></web-urls></urls><abstract>Vorwort; Inhaltsverzeichnis; Abkürzungsverzeichnis; 1 App4U -- Die Welt der mobilen Applikationen; 1.1 Apps, eine Erfolgsgeschichte im B2C; 1.2 Erfolg durch Apps im B2B?; 1.3 App4U -- Ein Leitfaden für die App-Entwicklung; Literatur; 2 Auf dem Weg zur optimalen mobilen Anwendung; 2.1 Beweggründe und Anwendungsbereiche mobiler Applikationen; 2.2 Orientierungsrahmen für die Entwicklung mobiler Anwendungen; 2.2.1 Ausprägungen der B2B- und B2C-Märkte; 2.2.2 Vorgehen bei der Auswahl und Einführung mobiler Applikationen; 2.2.2.1 Durchführung einer Marktanalyse im B2B- und B2C-Markt. 2.2.2.2 Make-or-Buy-Entscheidung2.2.2.3 Auswahl mobiler Betriebssysteme; Literatur; 3 Strategien und Geschäftsmodelle für mobile Applikationen; 3.1 Die Generierung einer Strategie für mobile Applikationen; 3.1.1 Strategiefindung; 3.1.2 Strategiedefinition; 3.1.3 Strategieumsetzung; 3.2 B2C und B2B Geschäftsmodelle für mobile Applikationen; 3.2.1 B2C Geschäftsmodelle; 3.2.2 B2B Geschäftsmodelle; Literatur; 4 Der professionelle Einstieg in/ ie erfolgreiche App-Entwicklung; 4.1 Softwareentwicklung und Softwarebegriff; 4.2 Mobile Endgeräte; 4.2.1 Typologisierung mobiler Endgeräte. 4.2.2 Mobile Betriebssysteme für Smartphones und Tablet-PCs4.2.3 Spezifische Eigenschaften mobiler Endgeräte; 4.3 Mobile Applikationen; 4.3.1 Einordnung und Begriffsbestimmung; 4.3.2 Applikationstypen und Entwicklungsstrategien; 4.4 Instrumente und Werkzeuge der mobilen Anwendungsentwicklung; 4.4.1 Programmiersprachen zur mobilen Applikationsentwicklung; 4.4.1.1 Java zur Entwicklung von Android-Applikationen; 4.4.1.2 C♯ zur Entwicklung von Windows-Phone-Applikationen; 4.4.1.3 Objective-C zur Entwicklung von iOS-Applikationen; 4.4.1.4 HTML 5 zur Entwicklung webbasierter Applikationen. 4.4.2 Entwicklungsumgebungen für mobile Applikationen4.4.2.1 Entwicklungsumgebungen für Android basierte Applikationen; 4.4.2.2 Entwicklungsumgebungen für iOS basierte Applikationen; 4.4.2.3 Entwicklungsumgebungen für Windows Phone basierte Applikationen; Literatur; 5 Mit Struktur und Methode in/ ie projektindividuelle App-Entwicklung; 5.1 Der Einsatz des Software Engineering in/ er mobilen Anwendungsentwicklung; 5.2 Vorgehens- und Entwicklungsmodelle; 5.2.1 Klassische Vorgehensmodelle; 5.2.2 Moderne Vorgehensmodelle; 5.2.3 Agile Vorgehensmodelle. 5.2.4 Life-Cycle-Management mobiler Applikationen5.3 Markt- und Problemanalyse; 5.3.1 Markt- und kundenbezogene Entwicklung mobiler Anwendungen; 5.3.2 Problemanalyse und Zielbindung; 5.3.3 Werkzeuge zur Unterstützung der Markt- und Problemanalyse; 5.3.3.1 Techniken des Zusammentragens von Informationen; 5.3.3.2 Techniken der Bewertung und Dokumentation von Informationen; 5.4 Planungs- und Konzeptionsphase; 5.4.1 Ist-Erhebung und Soll-Definition; 5.4.2 Projektplanung und Ressourcenmanagement; 5.4.3 Lasten- und Pflichtenheft; 5.4.4 Die Entwurfsphase.</abstract></record><record><database name="Literatur (.enl" path="Literatur (.enl">Literatur (.enl</database><ref-type name="Journal Article">0</ref-type><contributors><authors><author>A. Nuno; St F. John</author></authors></contributors><titles><title>ORE Open Research Exeter</title></titles><periodical/><keywords/><dates><year>2015</year></dates><isbn>4401225385921</isbn><electronic-resource-num>10.1016/S0022-1694(00)00237-7.Inundation</electronic-resource-num><urls><pdf-urls><url>internal-pdf://How to ask sensitive questions in conservation.pdf</url></pdf-urls></urls></record><record><database name="Literatur (.enl" path="Literatur (.enl">Literatur (.enl</database><ref-type name="Web Page">16</ref-type><titles><title>Individualsoftware, Markt für — Enzyklopaedie der Wirtschaftsinformatik</title></titles><periodical/><keywords/><urls><web-urls><url>http://www.enzyklopaedie-der-wirtschaftsinformatik.de/lexikon/uebergreifendes/Kontext-und-Grundlagen/Markt/Softwaremarkt/Individualsoftware/index.html</url></web-urls></urls></record><record><database name="Literatur (.enl" path="Literatur (.enl">Literatur (.enl</database><ref-type name="Web Page">16</ref-type><titles><title>Individualsoftware - Wirtschaftslexikon</title></titles><periodical/><keywords/><urls><web-urls><url>http://www.wirtschaftslexikon24.com/d/individualsoftware/individualsoftware.htm</url></web-urls></urls></record><record><database name="Literatur (.enl" path="Literatur (.enl">Literatur (.enl</database><ref-type name="Web Page">16</ref-type><titles><title>Revision von CATI vom Do., 15.02.2018 - 15:49 • Definition | Gabler Wirtschaftslexikon</title></titles><periodical/><keywords/><urls><web-urls><url>https://wirtschaftslexikon.gabler.de/definition/cati-26989/version-250652</url></web-urls></urls></record><record><database name="Literatur (.enl" path="Literatur (.enl">Literatur (.enl</database><ref-type name="Web Page">16</ref-type><titles><title>Revision von CAPI vom Do., 15.02.2018 - 15:49 • Definition | Gabler Wirtschaftslexikon</title></titles><periodical/><keywords/><urls><web-urls><url>https://wirtschaftslexikon.gabler.de/definition/capi-29492/version-253095</url></web-urls></urls></record><record><database name="Literatur (.enl" path="Literatur (.enl">Literatur (.enl</database><ref-type name="Web Page">16</ref-type><titles><title>Ranking | Nachrichten.at</title></titles><periodical/><keywords/><urls><web-urls><url>https://www.nachrichten.at/nachrichten/wirtschaft/top250/ranking/index2018.php</url></web-urls></urls></record><record><database name="Literatur (.enl" path="Literatur (.enl">Literatur (.enl</database><ref-type name="Book">1</ref-type><contributors><authors><author>Mertens, Peter</author><author>Bodendorf, Freimut</author><author>König, Wolfgang</author><author>Schumann, Matthias</author><author>Hess, Thomas</author><author>Buxmann, Peter</author></authors></contributors><titles><title>Grundzüge der Wirtschaftsinformatik</title></titles><periodical/><keywords/><dates><year>2017</year></dates><isbn>9783662533611</isbn><electronic-resource-num>10.1007/978-3-662-53362-8</electronic-resource-num><urls><pdf-urls><url>internal-pdf://2017_Book_GrundzügeDerWirtschaftsinforma.pdf</url></pdf-urls></urls></record><record><database name="Literatur (.enl" path="Literatur (.enl">Literatur (.enl</database><ref-type name="Web Page">16</ref-type><titles><title>TIOBE Index | TIOBE - The Software Quality Company</title></titles><periodical/><keywords/><urls><web-urls><url>https://www.tiobe.com/tiobe-index/</url></web-urls></urls></record><record><database name="Literatur (.enl" path="Literatur (.enl">Literatur (.enl</database><ref-type name="Web Page">16</ref-type><titles><title>ÖNACE-2008 Klassifikation</title></titles><periodical/><keywords/><dates><year>2015</year></dates><urls><pdf-urls><url>internal-pdf://</url></pdf-urls><web-urls><url>www.gaw-mbh.at</url></web-urls></urls></record><record><database name="Literatur (.enl" path="Literatur (.enl">Literatur (.enl</database><ref-type name="Web Page">16</ref-type><titles><title>Österreichs beste Arbeitgeber 2018 | trend.at</title></titles><periodical/><keywords/><urls><web-urls><url>https://www.trend.at/branchen/karrieren/oesterreichs-arbeitgeber-9503413</url></web-urls></urls></record></records></xml>
